ID,Image diagonal [pixels],Image size [pixels],Source image,Source landmarks,Target image,Target landmarks,status,Warped target landmarks,Warped source landmarks,Execution time [minutes],Initial TRE Median,Final TRE Median
4,17347.5,"(13812, 10496)",COAD_01/scale-25pc/S3.jpg,COAD_01/scale-25pc/S3.csv,COAD_01/scale-25pc/S1.jpg,COAD_01/scale-25pc/S1.csv,training,,4/transformed_source_landmarks.csv,1.6104047815004985,0.1400795178125555,0.0146427881609139
5,17347.5,"(13812, 10496)",COAD_01/scale-25pc/S6.jpg,COAD_01/scale-25pc/S6.csv,COAD_01/scale-25pc/S1.jpg,COAD_01/scale-25pc/S1.csv,training,,5/transformed_source_landmarks.csv,1.6294115781784058,0.0824279735978108,0.0104763488517222
6,17347.5,"(13812, 10496)",COAD_01/scale-25pc/S7.jpg,COAD_01/scale-25pc/S7.csv,COAD_01/scale-25pc/S1.jpg,COAD_01/scale-25pc/S1.csv,training,,6/transformed_source_landmarks.csv,1.6339345852533975,0.1472066131869088,0.0172765759596078
7,17739.5,"(14131, 10724)",COAD_01/scale-25pc/S6.jpg,COAD_01/scale-25pc/S6.csv,COAD_01/scale-25pc/S3.jpg,COAD_01/scale-25pc/S3.csv,training,,7/transformed_source_landmarks.csv,1.62514728307724,0.0663763849541152,0.0259598070997587
8,17739.5,"(14131, 10724)",COAD_01/scale-25pc/S7.jpg,COAD_01/scale-25pc/S7.csv,COAD_01/scale-25pc/S3.jpg,COAD_01/scale-25pc/S3.csv,training,,8/transformed_source_landmarks.csv,1.6280463020006817,0.0184342484243306,0.0039454997744215
13,18870.3,"(15052, 11381)",COAD_01/scale-25pc/S7.jpg,COAD_01/scale-25pc/S7.csv,COAD_01/scale-25pc/S6.jpg,COAD_01/scale-25pc/S6.csv,training,,13/transformed_source_landmarks.csv,1.610827620824178,0.0615828127394805,0.0162165048581792
18,12885.1,"(9551, 8649)",COAD_02/scale-25pc/S3.jpg,COAD_02/scale-25pc/S3.csv,COAD_02/scale-25pc/S2.jpg,COAD_02/scale-25pc/S2.csv,training,,18/transformed_source_landmarks.csv,1.6521146138509115,0.0431323383253378,0.0186432164614721
19,12885.1,"(9551, 8649)",COAD_02/scale-25pc/S6.jpg,COAD_02/scale-25pc/S6.csv,COAD_02/scale-25pc/S2.jpg,COAD_02/scale-25pc/S2.csv,training,,19/transformed_source_landmarks.csv,1.6275380730628968,0.0929340169418997,0.0071452466478173
20,12885.1,"(9551, 8649)",COAD_02/scale-25pc/S7.jpg,COAD_02/scale-25pc/S7.csv,COAD_02/scale-25pc/S2.jpg,COAD_02/scale-25pc/S2.csv,training,,20/transformed_source_landmarks.csv,1.629325302441915,0.0732238874291217,0.0211955892065038
21,13238.9,"(10396, 8197)",COAD_02/scale-25pc/S6.jpg,COAD_02/scale-25pc/S6.csv,COAD_02/scale-25pc/S3.jpg,COAD_02/scale-25pc/S3.csv,training,,21/transformed_source_landmarks.csv,1.639236831665039,0.0630937374802031,0.0104335435834585
22,13238.9,"(10396, 8197)",COAD_02/scale-25pc/S7.jpg,COAD_02/scale-25pc/S7.csv,COAD_02/scale-25pc/S3.jpg,COAD_02/scale-25pc/S3.csv,training,,22/transformed_source_landmarks.csv,1.651493036746979,0.0341424700451668,0.0232271835339816
27,14043.3,"(10782, 8998)",COAD_02/scale-25pc/S7.jpg,COAD_02/scale-25pc/S7.csv,COAD_02/scale-25pc/S6.jpg,COAD_02/scale-25pc/S6.csv,training,,27/transformed_source_landmarks.csv,1.6385497013727823,0.0341355535507284,0.0072336228989028
30,17896.6,"(14182, 10916)",COAD_03/scale-25pc/S5.jpg,COAD_03/scale-25pc/S5.csv,COAD_03/scale-25pc/S2.jpg,COAD_03/scale-25pc/S2.csv,training,,30/transformed_source_landmarks.csv,1.6124743700027466,0.029919781523643,0.0457146986258072
33,16460.9,"(13915, 8794)",COAD_04/scale-25pc/S5.jpg,COAD_04/scale-25pc/S5.csv,COAD_04/scale-25pc/S2.jpg,COAD_04/scale-25pc/S2.csv,training,,33/transformed_source_landmarks.csv,1.4531020323435466,0.07075700852648,0.0060444413966051
38,12777.2,"(8064, 9911)",COAD_05/scale-25pc/S5-v1.jpg,COAD_05/scale-25pc/S5-v1.csv,COAD_05/scale-25pc/S2.jpg,COAD_05/scale-25pc/S2.csv,training,,38/transformed_source_landmarks.csv,1.654212216536204,0.0071300900247491,0.002387440859982
39,12777.2,"(8064, 9911)",COAD_05/scale-25pc/S6.jpg,COAD_05/scale-25pc/S6.csv,COAD_05/scale-25pc/S2.jpg,COAD_05/scale-25pc/S2.csv,training,,39/transformed_source_landmarks.csv,1.6720309257507324,0.0448133226479929,0.009633208868348
40,12777.2,"(8064, 9911)",COAD_05/scale-25pc/S7.jpg,COAD_05/scale-25pc/S7.csv,COAD_05/scale-25pc/S2.jpg,COAD_05/scale-25pc/S2.csv,training,,40/transformed_source_landmarks.csv,1.6626368482907614,0.0264601050834388,0.0163525739621336
41,12869.1,"(8282, 9850)",COAD_05/scale-25pc/S6.jpg,COAD_05/scale-25pc/S6.csv,COAD_05/scale-25pc/S5-v1.jpg,COAD_05/scale-25pc/S5-v1.csv,training,,41/transformed_source_landmarks.csv,1.6063888629277547,0.0406015415649722,0.004973933662679
42,12869.1,"(8282, 9850)",COAD_05/scale-25pc/S7.jpg,COAD_05/scale-25pc/S7.csv,COAD_05/scale-25pc/S5-v1.jpg,COAD_05/scale-25pc/S5-v1.csv,training,,42/transformed_source_landmarks.csv,1.6369425892829894,0.0255369157114595,0.0078554196053172
47,12917.8,"(8381, 9830)",COAD_05/scale-25pc/S7.jpg,COAD_05/scale-25pc/S7.csv,COAD_05/scale-25pc/S6.jpg,COAD_05/scale-25pc/S6.csv,training,,47/transformed_source_landmarks.csv,1.6160366495450338,0.0197909537516623,0.0109425500046592
51,15647.9,"(11194, 10934)",COAD_06/scale-25pc/S5.jpg,COAD_06/scale-25pc/S5.csv,COAD_06/scale-25pc/S2.jpg,COAD_06/scale-25pc/S2.csv,training,,51/transformed_source_landmarks.csv,1.741599202156067,0.0704629420308187,0.0159098773076698
52,15647.9,"(11194, 10934)",COAD_06/scale-25pc/S7.jpg,COAD_06/scale-25pc/S7.csv,COAD_06/scale-25pc/S2.jpg,COAD_06/scale-25pc/S2.csv,training,,52/transformed_source_landmarks.csv,1.7622796694437664,0.056156134570117,0.0232080005117211
53,16271.5,"(11846, 11155)",COAD_06/scale-25pc/S7.jpg,COAD_06/scale-25pc/S7.csv,COAD_06/scale-25pc/S5.jpg,COAD_06/scale-25pc/S5.csv,training,,53/transformed_source_landmarks.csv,1.7655303319295248,0.0264848291986176,0.0162115333318136
60,15887.5,"(11702, 10746)",COAD_07/scale-25pc/S5.jpg,COAD_07/scale-25pc/S5.csv,COAD_07/scale-25pc/S2.jpg,COAD_07/scale-25pc/S2.csv,training,,60/transformed_source_landmarks.csv,1.7069433212280274,0.0348419599626214,0.0123500726376605
61,15887.5,"(11702, 10746)",COAD_07/scale-25pc/S7.jpg,COAD_07/scale-25pc/S7.csv,COAD_07/scale-25pc/S2.jpg,COAD_07/scale-25pc/S2.csv,training,,61/transformed_source_landmarks.csv,1.7439134160677592,0.0632267513157175,0.0081762845217573
62,14896.7,"(10740, 10323)",COAD_07/scale-25pc/S7.jpg,COAD_07/scale-25pc/S7.csv,COAD_07/scale-25pc/S5.jpg,COAD_07/scale-25pc/S5.csv,training,,62/transformed_source_landmarks.csv,1.7457462668418884,0.042634524618417,0.0110905272219806
70,17621.2,"(14099, 10570)",COAD_08/scale-25pc/S3.jpg,COAD_08/scale-25pc/S3.csv,COAD_08/scale-25pc/S1.jpg,COAD_08/scale-25pc/S1.csv,training,,70/transformed_source_landmarks.csv,1.4180685480435689,0.1406912423484852,0.0167158723425701
71,17621.2,"(14099, 10570)",COAD_08/scale-25pc/S6.jpg,COAD_08/scale-25pc/S6.csv,COAD_08/scale-25pc/S1.jpg,COAD_08/scale-25pc/S1.csv,training,,71/transformed_source_landmarks.csv,1.6997241338094076,0.0907609955990366,0.0130905807583408
72,17621.2,"(14099, 10570)",COAD_08/scale-25pc/S7.jpg,COAD_08/scale-25pc/S7.csv,COAD_08/scale-25pc/S1.jpg,COAD_08/scale-25pc/S1.csv,training,,72/transformed_source_landmarks.csv,1.426152265071869,0.1086223454919302,0.0027809430153939
73,18582.8,"(15431, 10354)",COAD_08/scale-25pc/S6.jpg,COAD_08/scale-25pc/S6.csv,COAD_08/scale-25pc/S3.jpg,COAD_08/scale-25pc/S3.csv,training,,73/transformed_source_landmarks.csv,1.6478126843770344,0.159310333863178,0.0042362165160776
74,18582.8,"(15431, 10354)",COAD_08/scale-25pc/S7.jpg,COAD_08/scale-25pc/S7.csv,COAD_08/scale-25pc/S3.jpg,COAD_08/scale-25pc/S3.csv,training,,74/transformed_source_landmarks.csv,1.4153436740239462,0.1699368471210737,0.0152387207860809
79,18809.5,"(13962, 12604)",COAD_08/scale-25pc/S7.jpg,COAD_08/scale-25pc/S7.csv,COAD_08/scale-25pc/S6.jpg,COAD_08/scale-25pc/S6.csv,training,,79/transformed_source_landmarks.csv,1.7093392809232075,0.1113159548778706,0.0254281618544699
84,14033.5,"(11500, 8043)",COAD_09/scale-25pc/S2.jpg,COAD_09/scale-25pc/S2.csv,COAD_09/scale-25pc/S1.jpg,COAD_09/scale-25pc/S1.csv,training,,84/transformed_source_landmarks.csv,1.4099092165629068,0.0357025865475205,0.0195897419620617
85,14033.5,"(11500, 8043)",COAD_09/scale-25pc/S5.jpg,COAD_09/scale-25pc/S5.csv,COAD_09/scale-25pc/S1.jpg,COAD_09/scale-25pc/S1.csv,training,,85/transformed_source_landmarks.csv,1.3869072357813517,0.0499349408233431,0.0254195257567919
86,14033.5,"(11500, 8043)",COAD_09/scale-25pc/S6.jpg,COAD_09/scale-25pc/S6.csv,COAD_09/scale-25pc/S1.jpg,COAD_09/scale-25pc/S1.csv,training,,86/transformed_source_landmarks.csv,1.4116645336151123,0.0052586287084621,0.0135947416002499
87,14431.3,"(11721, 8419)",COAD_09/scale-25pc/S5.jpg,COAD_09/scale-25pc/S5.csv,COAD_09/scale-25pc/S2.jpg,COAD_09/scale-25pc/S2.csv,training,,87/transformed_source_landmarks.csv,1.4239200353622437,0.0227982399425341,0.0163924407424602
0,17997.0,"(16308, 7612)",COAD_01/scale-25pc/S1.jpg,COAD_01/scale-25pc/S1.csv,COAD_01/scale-25pc/HE.jpg,COAD_01/scale-25pc/HE.csv,evaluation,,,,,
1,17997.0,"(16308, 7612)",COAD_01/scale-25pc/S3.jpg,COAD_01/scale-25pc/S3.csv,COAD_01/scale-25pc/HE.jpg,COAD_01/scale-25pc/HE.csv,evaluation,,,,,
2,17997.0,"(16308, 7612)",COAD_01/scale-25pc/S6.jpg,COAD_01/scale-25pc/S6.csv,COAD_01/scale-25pc/HE.jpg,COAD_01/scale-25pc/HE.csv,evaluation,,,,,
3,17997.0,"(16308, 7612)",COAD_01/scale-25pc/S7.jpg,COAD_01/scale-25pc/S7.csv,COAD_01/scale-25pc/HE.jpg,COAD_01/scale-25pc/HE.csv,evaluation,,,,,
9,16787.8,"(13590, 9856)",COAD_01/scale-25pc/S1.jpg,COAD_01/scale-25pc/S1.csv,COAD_01/scale-25pc/S4.jpg,COAD_01/scale-25pc/S4.csv,evaluation,,,,,
10,16787.8,"(13590, 9856)",COAD_01/scale-25pc/S3.jpg,COAD_01/scale-25pc/S3.csv,COAD_01/scale-25pc/S4.jpg,COAD_01/scale-25pc/S4.csv,evaluation,,,,,
11,16787.8,"(13590, 9856)",COAD_01/scale-25pc/S6.jpg,COAD_01/scale-25pc/S6.csv,COAD_01/scale-25pc/S4.jpg,COAD_01/scale-25pc/S4.csv,evaluation,,,,,
12,16787.8,"(13590, 9856)",COAD_01/scale-25pc/S7.jpg,COAD_01/scale-25pc/S7.csv,COAD_01/scale-25pc/S4.jpg,COAD_01/scale-25pc/S4.csv,evaluation,,,,,
14,13740.2,"(10330, 9060)",COAD_02/scale-25pc/S2.jpg,COAD_02/scale-25pc/S2.csv,COAD_02/scale-25pc/HE.jpg,COAD_02/scale-25pc/HE.csv,evaluation,,,,,
15,13740.2,"(10330, 9060)",COAD_02/scale-25pc/S3.jpg,COAD_02/scale-25pc/S3.csv,COAD_02/scale-25pc/HE.jpg,COAD_02/scale-25pc/HE.csv,evaluation,,,,,
16,13740.2,"(10330, 9060)",COAD_02/scale-25pc/S6.jpg,COAD_02/scale-25pc/S6.csv,COAD_02/scale-25pc/HE.jpg,COAD_02/scale-25pc/HE.csv,evaluation,,,,,
17,13740.2,"(10330, 9060)",COAD_02/scale-25pc/S7.jpg,COAD_02/scale-25pc/S7.csv,COAD_02/scale-25pc/HE.jpg,COAD_02/scale-25pc/HE.csv,evaluation,,,,,
23,12836.5,"(9722, 8382)",COAD_02/scale-25pc/S2.jpg,COAD_02/scale-25pc/S2.csv,COAD_02/scale-25pc/S5.jpg,COAD_02/scale-25pc/S5.csv,evaluation,,,,,
24,12836.5,"(9722, 8382)",COAD_02/scale-25pc/S3.jpg,COAD_02/scale-25pc/S3.csv,COAD_02/scale-25pc/S5.jpg,COAD_02/scale-25pc/S5.csv,evaluation,,,,,
25,12836.5,"(9722, 8382)",COAD_02/scale-25pc/S6.jpg,COAD_02/scale-25pc/S6.csv,COAD_02/scale-25pc/S5.jpg,COAD_02/scale-25pc/S5.csv,evaluation,,,,,
26,12836.5,"(9722, 8382)",COAD_02/scale-25pc/S7.jpg,COAD_02/scale-25pc/S7.csv,COAD_02/scale-25pc/S5.jpg,COAD_02/scale-25pc/S5.csv,evaluation,,,,,
28,17433.1,"(13319, 11248)",COAD_03/scale-25pc/S2.jpg,COAD_03/scale-25pc/S2.csv,COAD_03/scale-25pc/HE.jpg,COAD_03/scale-25pc/HE.csv,evaluation,,,,,
29,17433.1,"(13319, 11248)",COAD_03/scale-25pc/S5.jpg,COAD_03/scale-25pc/S5.csv,COAD_03/scale-25pc/HE.jpg,COAD_03/scale-25pc/HE.csv,evaluation,,,,,
31,17678.7,"(15326, 8812)",COAD_04/scale-25pc/S2.jpg,COAD_04/scale-25pc/S2.csv,COAD_04/scale-25pc/HE.jpg,COAD_04/scale-25pc/HE.csv,evaluation,,,,,
32,17678.7,"(15326, 8812)",COAD_04/scale-25pc/S5.jpg,COAD_04/scale-25pc/S5.csv,COAD_04/scale-25pc/HE.jpg,COAD_04/scale-25pc/HE.csv,evaluation,,,,,
34,12988.7,"(8381, 9923)",COAD_05/scale-25pc/S2.jpg,COAD_05/scale-25pc/S2.csv,COAD_05/scale-25pc/HE.jpg,COAD_05/scale-25pc/HE.csv,evaluation,,,,,
35,12988.7,"(8381, 9923)",COAD_05/scale-25pc/S5-v1.jpg,COAD_05/scale-25pc/S5-v1.csv,COAD_05/scale-25pc/HE.jpg,COAD_05/scale-25pc/HE.csv,evaluation,,,,,
36,12988.7,"(8381, 9923)",COAD_05/scale-25pc/S6.jpg,COAD_05/scale-25pc/S6.csv,COAD_05/scale-25pc/HE.jpg,COAD_05/scale-25pc/HE.csv,evaluation,,,,,
37,12988.7,"(8381, 9923)",COAD_05/scale-25pc/S7.jpg,COAD_05/scale-25pc/S7.csv,COAD_05/scale-25pc/HE.jpg,COAD_05/scale-25pc/HE.csv,evaluation,,,,,
43,12767.4,"(8035, 9922)",COAD_05/scale-25pc/S2.jpg,COAD_05/scale-25pc/S2.csv,COAD_05/scale-25pc/S5.jpg,COAD_05/scale-25pc/S5.csv,evaluation,,,,,
44,12767.4,"(8035, 9922)",COAD_05/scale-25pc/S5-v1.jpg,COAD_05/scale-25pc/S5-v1.csv,COAD_05/scale-25pc/S5.jpg,COAD_05/scale-25pc/S5.csv,evaluation,,,,,
45,12767.4,"(8035, 9922)",COAD_05/scale-25pc/S6.jpg,COAD_05/scale-25pc/S6.csv,COAD_05/scale-25pc/S5.jpg,COAD_05/scale-25pc/S5.csv,evaluation,,,,,
46,12767.4,"(8035, 9922)",COAD_05/scale-25pc/S7.jpg,COAD_05/scale-25pc/S7.csv,COAD_05/scale-25pc/S5.jpg,COAD_05/scale-25pc/S5.csv,evaluation,,,,,
48,16290.1,"(12474, 10477)",COAD_06/scale-25pc/S2.jpg,COAD_06/scale-25pc/S2.csv,COAD_06/scale-25pc/HE.jpg,COAD_06/scale-25pc/HE.csv,evaluation,,,,,
49,16290.1,"(12474, 10477)",COAD_06/scale-25pc/S5.jpg,COAD_06/scale-25pc/S5.csv,COAD_06/scale-25pc/HE.jpg,COAD_06/scale-25pc/HE.csv,evaluation,,,,,
50,16290.1,"(12474, 10477)",COAD_06/scale-25pc/S7.jpg,COAD_06/scale-25pc/S7.csv,COAD_06/scale-25pc/HE.jpg,COAD_06/scale-25pc/HE.csv,evaluation,,,,,
54,17004.2,"(12474, 11556)",COAD_06/scale-25pc/S2.jpg,COAD_06/scale-25pc/S2.csv,COAD_06/scale-25pc/S6.jpg,COAD_06/scale-25pc/S6.csv,evaluation,,,,,
55,17004.2,"(12474, 11556)",COAD_06/scale-25pc/S5.jpg,COAD_06/scale-25pc/S5.csv,COAD_06/scale-25pc/S6.jpg,COAD_06/scale-25pc/S6.csv,evaluation,,,,,
56,17004.2,"(12474, 11556)",COAD_06/scale-25pc/S7.jpg,COAD_06/scale-25pc/S7.csv,COAD_06/scale-25pc/S6.jpg,COAD_06/scale-25pc/S6.csv,evaluation,,,,,
57,16347.0,"(12799, 10169)",COAD_07/scale-25pc/S2.jpg,COAD_07/scale-25pc/S2.csv,COAD_07/scale-25pc/HE.jpg,COAD_07/scale-25pc/HE.csv,evaluation,,,,,
58,16347.0,"(12799, 10169)",COAD_07/scale-25pc/S5.jpg,COAD_07/scale-25pc/S5.csv,COAD_07/scale-25pc/HE.jpg,COAD_07/scale-25pc/HE.csv,evaluation,,,,,
59,16347.0,"(12799, 10169)",COAD_07/scale-25pc/S7.jpg,COAD_07/scale-25pc/S7.csv,COAD_07/scale-25pc/HE.jpg,COAD_07/scale-25pc/HE.csv,evaluation,,,,,
63,16604.1,"(12598, 10816)",COAD_07/scale-25pc/S2.jpg,COAD_07/scale-25pc/S2.csv,COAD_07/scale-25pc/S6.jpg,COAD_07/scale-25pc/S6.csv,evaluation,,,,,
64,16604.1,"(12598, 10816)",COAD_07/scale-25pc/S5.jpg,COAD_07/scale-25pc/S5.csv,COAD_07/scale-25pc/S6.jpg,COAD_07/scale-25pc/S6.csv,evaluation,,,,,
65,16604.1,"(12598, 10816)",COAD_07/scale-25pc/S7.jpg,COAD_07/scale-25pc/S7.csv,COAD_07/scale-25pc/S6.jpg,COAD_07/scale-25pc/S6.csv,evaluation,,,,,
66,18222.3,"(15463, 9641)",COAD_08/scale-25pc/S1.jpg,COAD_08/scale-25pc/S1.csv,COAD_08/scale-25pc/HE.jpg,COAD_08/scale-25pc/HE.csv,evaluation,,,,,
67,18222.3,"(15463, 9641)",COAD_08/scale-25pc/S3.jpg,COAD_08/scale-25pc/S3.csv,COAD_08/scale-25pc/HE.jpg,COAD_08/scale-25pc/HE.csv,evaluation,,,,,
68,18222.3,"(15463, 9641)",COAD_08/scale-25pc/S6.jpg,COAD_08/scale-25pc/S6.csv,COAD_08/scale-25pc/HE.jpg,COAD_08/scale-25pc/HE.csv,evaluation,,,,,
69,18222.3,"(15463, 9641)",COAD_08/scale-25pc/S7.jpg,COAD_08/scale-25pc/S7.csv,COAD_08/scale-25pc/HE.jpg,COAD_08/scale-25pc/HE.csv,evaluation,,,,,
75,16957.9,"(13524, 10231)",COAD_08/scale-25pc/S1.jpg,COAD_08/scale-25pc/S1.csv,COAD_08/scale-25pc/S5.jpg,COAD_08/scale-25pc/S5.csv,evaluation,,,,,
76,16957.9,"(13524, 10231)",COAD_08/scale-25pc/S3.jpg,COAD_08/scale-25pc/S3.csv,COAD_08/scale-25pc/S5.jpg,COAD_08/scale-25pc/S5.csv,evaluation,,,,,
77,16957.9,"(13524, 10231)",COAD_08/scale-25pc/S6.jpg,COAD_08/scale-25pc/S6.csv,COAD_08/scale-25pc/S5.jpg,COAD_08/scale-25pc/S5.csv,evaluation,,,,,
78,16957.9,"(13524, 10231)",COAD_08/scale-25pc/S7.jpg,COAD_08/scale-25pc/S7.csv,COAD_08/scale-25pc/S5.jpg,COAD_08/scale-25pc/S5.csv,evaluation,,,,,
80,13914.1,"(7796, 11525)",COAD_09/scale-25pc/S1.jpg,COAD_09/scale-25pc/S1.csv,COAD_09/scale-25pc/HE.jpg,COAD_09/scale-25pc/HE.csv,evaluation,,,,,
81,13914.1,"(7796, 11525)",COAD_09/scale-25pc/S2.jpg,COAD_09/scale-25pc/S2.csv,COAD_09/scale-25pc/HE.jpg,COAD_09/scale-25pc/HE.csv,evaluation,,,,,
82,13914.1,"(7796, 11525)",COAD_09/scale-25pc/S5.jpg,COAD_09/scale-25pc/S5.csv,COAD_09/scale-25pc/HE.jpg,COAD_09/scale-25pc/HE.csv,evaluation,,,,,
83,13914.1,"(7796, 11525)",COAD_09/scale-25pc/S6.jpg,COAD_09/scale-25pc/S6.csv,COAD_09/scale-25pc/HE.jpg,COAD_09/scale-25pc/HE.csv,evaluation,,,,,
89,14051.4,"(11435, 8166)",COAD_09/scale-25pc/S1.jpg,COAD_09/scale-25pc/S1.csv,COAD_09/scale-25pc/S3.jpg,COAD_09/scale-25pc/S3.csv,evaluation,,,,,
90,14051.4,"(11435, 8166)",COAD_09/scale-25pc/S2.jpg,COAD_09/scale-25pc/S2.csv,COAD_09/scale-25pc/S3.jpg,COAD_09/scale-25pc/S3.csv,evaluation,,,,,
91,14051.4,"(11435, 8166)",COAD_09/scale-25pc/S5.jpg,COAD_09/scale-25pc/S5.csv,COAD_09/scale-25pc/S3.jpg,COAD_09/scale-25pc/S3.csv,evaluation,,,,,
92,14051.4,"(11435, 8166)",COAD_09/scale-25pc/S6.jpg,COAD_09/scale-25pc/S6.csv,COAD_09/scale-25pc/S3.jpg,COAD_09/scale-25pc/S3.csv,evaluation,,,,,
94,14424.1,"(11890, 8166)",COAD_09/scale-25pc/S1.jpg,COAD_09/scale-25pc/S1.csv,COAD_09/scale-25pc/S7.jpg,COAD_09/scale-25pc/S7.csv,evaluation,,,,,
95,14424.1,"(11890, 8166)",COAD_09/scale-25pc/S2.jpg,COAD_09/scale-25pc/S2.csv,COAD_09/scale-25pc/S7.jpg,COAD_09/scale-25pc/S7.csv,evaluation,,,,,
96,14424.1,"(11890, 8166)",COAD_09/scale-25pc/S5.jpg,COAD_09/scale-25pc/S5.csv,COAD_09/scale-25pc/S7.jpg,COAD_09/scale-25pc/S7.csv,evaluation,,,,,
97,14424.1,"(11890, 8166)",COAD_09/scale-25pc/S6.jpg,COAD_09/scale-25pc/S6.csv,COAD_09/scale-25pc/S7.jpg,COAD_09/scale-25pc/S7.csv,evaluation,,,,,
98,16668.5,"(13254, 10108)",COAD_10/scale-25pc/S1.jpg,COAD_10/scale-25pc/S1.csv,COAD_10/scale-25pc/HE.jpg,COAD_10/scale-25pc/HE.csv,evaluation,,,,,
99,16668.5,"(13254, 10108)",COAD_10/scale-25pc/S4.jpg,COAD_10/scale-25pc/S4.csv,COAD_10/scale-25pc/HE.jpg,COAD_10/scale-25pc/HE.csv,evaluation,,,,,
100,16668.5,"(13254, 10108)",COAD_10/scale-25pc/S6.jpg,COAD_10/scale-25pc/S6.csv,COAD_10/scale-25pc/HE.jpg,COAD_10/scale-25pc/HE.csv,evaluation,,,,,
101,16668.5,"(13254, 10108)",COAD_10/scale-25pc/S7.jpg,COAD_10/scale-25pc/S7.csv,COAD_10/scale-25pc/HE.jpg,COAD_10/scale-25pc/HE.csv,evaluation,,,,,
239,19720.3,"(14358, 13518)",breast_1/scale-20pc/HER2.jpg,breast_1/scale-20pc/HER2.csv,breast_1/scale-20pc/HE.jpg,breast_1/scale-20pc/HE.csv,training,,239/transformed_source_landmarks.csv,1.715233027935028,0.4201597241836619,0.0073844246038368
244,17055.1,"(11735, 12376)",breast_2/scale-20pc/HER2.jpg,breast_2/scale-20pc/HER2.csv,breast_2/scale-20pc/HE.jpg,breast_2/scale-20pc/HE.csv,training,,,,,
237,21644.8,"(15378, 15232)",breast_1/scale-20pc/HE.jpg,breast_1/scale-20pc/HE.csv,breast_1/scale-20pc/ER.jpg,breast_1/scale-20pc/ER.csv,evaluation,,,,,
238,21644.8,"(15378, 15232)",breast_1/scale-20pc/HER2.jpg,breast_1/scale-20pc/HER2.csv,breast_1/scale-20pc/ER.jpg,breast_1/scale-20pc/ER.csv,evaluation,,,,,
240,22833.7,"(17179, 15042)",breast_1/scale-20pc/HE.jpg,breast_1/scale-20pc/HE.csv,breast_1/scale-20pc/PR.jpg,breast_1/scale-20pc/PR.csv,evaluation,,,,,
241,22833.7,"(17179, 15042)",breast_1/scale-20pc/HER2.jpg,breast_1/scale-20pc/HER2.csv,breast_1/scale-20pc/PR.jpg,breast_1/scale-20pc/PR.csv,evaluation,,,,,
242,18036.8,"(12358, 13138)",breast_2/scale-20pc/HE.jpg,breast_2/scale-20pc/HE.csv,breast_2/scale-20pc/ER.jpg,breast_2/scale-20pc/ER.csv,evaluation,,,,,
243,18036.8,"(12358, 13138)",breast_2/scale-20pc/HER2.jpg,breast_2/scale-20pc/HER2.csv,breast_2/scale-20pc/ER.jpg,breast_2/scale-20pc/ER.csv,evaluation,,,,,
245,17351.2,"(11965, 12566)",breast_2/scale-20pc/HE.jpg,breast_2/scale-20pc/HE.csv,breast_2/scale-20pc/PR.jpg,breast_2/scale-20pc/PR.csv,evaluation,,,,,
246,17351.2,"(11965, 12566)",breast_2/scale-20pc/HER2.jpg,breast_2/scale-20pc/HER2.csv,breast_2/scale-20pc/PR.jpg,breast_2/scale-20pc/PR.csv,evaluation,,,,,
264,12237.3,"(9916, 7171)",gastric_1/scale-15pc/CD68.jpg,gastric_1/scale-15pc/CD68.csv,gastric_1/scale-15pc/CD4.jpg,gastric_1/scale-15pc/CD4.csv,training,,264/transformed_source_landmarks.csv,1.5745476325352987,0.0457211916899646,0.0135059087960178
269,14743.2,"(10961, 9860)",gastric_2/scale-15pc/CD68.jpg,gastric_2/scale-15pc/CD68.csv,gastric_2/scale-15pc/CD4.jpg,gastric_2/scale-15pc/CD4.csv,training,,269/transformed_source_landmarks.csv,1.6777215520540874,0.4582032021330529,0.0048324846090613
274,16971.9,"(13367, 10458)",gastric_3/scale-15pc/CD68.jpg,gastric_3/scale-15pc/CD68.csv,gastric_3/scale-15pc/CD4.jpg,gastric_3/scale-15pc/CD4.csv,training,,274/transformed_source_landmarks.csv,1.5911293387413026,0.4529443259876971,0.0126721862147367
279,20685.9,"(13309, 15836)",gastric_4/scale-15pc/CD68.jpg,gastric_4/scale-15pc/CD68.csv,gastric_4/scale-15pc/CD4.jpg,gastric_4/scale-15pc/CD4.csv,training,,279/transformed_source_landmarks.csv,1.5905747135480246,0.418481253535216,0.0026070418241789
285,16863.8,"(12469, 11354)",gastric_5/scale-15pc/CD68.jpg,gastric_5/scale-15pc/CD68.csv,gastric_5/scale-15pc/CD4.jpg,gastric_5/scale-15pc/CD4.csv,training,,285/transformed_source_landmarks.csv,1.6963860472043355,0.424277722042407,0.0162871273786842
262,12107.3,"(9286, 7769)",gastric_1/scale-15pc/CD4.jpg,gastric_1/scale-15pc/CD4.csv,gastric_1/scale-15pc/CD1a.jpg,gastric_1/scale-15pc/CD1a.csv,evaluation,,,,,
263,12107.3,"(9286, 7769)",gastric_1/scale-15pc/CD68.jpg,gastric_1/scale-15pc/CD68.csv,gastric_1/scale-15pc/CD1a.jpg,gastric_1/scale-15pc/CD1a.csv,evaluation,,,,,
265,12006.2,"(9845, 6872)",gastric_1/scale-15pc/CD4.jpg,gastric_1/scale-15pc/CD4.csv,gastric_1/scale-15pc/CD8.jpg,gastric_1/scale-15pc/CD8.csv,evaluation,,,,,
266,12006.2,"(9845, 6872)",gastric_1/scale-15pc/CD68.jpg,gastric_1/scale-15pc/CD68.csv,gastric_1/scale-15pc/CD8.jpg,gastric_1/scale-15pc/CD8.csv,evaluation,,,,,
267,7946.0,"(6110, 5080)",gastric_2/scale-15pc/CD4.jpg,gastric_2/scale-15pc/CD4.csv,gastric_2/scale-15pc/CD1a.jpg,gastric_2/scale-15pc/CD1a.csv,evaluation,,,,,
268,7946.0,"(6110, 5080)",gastric_2/scale-15pc/CD68.jpg,gastric_2/scale-15pc/CD68.csv,gastric_2/scale-15pc/CD1a.jpg,gastric_2/scale-15pc/CD1a.csv,evaluation,,,,,
270,15246.6,"(11369, 10159)",gastric_2/scale-15pc/CD4.jpg,gastric_2/scale-15pc/CD4.csv,gastric_2/scale-15pc/CD8.jpg,gastric_2/scale-15pc/CD8.csv,evaluation,,,,,
271,15246.6,"(11369, 10159)",gastric_2/scale-15pc/CD68.jpg,gastric_2/scale-15pc/CD68.csv,gastric_2/scale-15pc/CD8.jpg,gastric_2/scale-15pc/CD8.csv,evaluation,,,,,
272,16803.2,"(12106, 11653)",gastric_3/scale-15pc/CD4.jpg,gastric_3/scale-15pc/CD4.csv,gastric_3/scale-15pc/CD1a.jpg,gastric_3/scale-15pc/CD1a.csv,evaluation,,,,,
273,16803.2,"(12106, 11653)",gastric_3/scale-15pc/CD68.jpg,gastric_3/scale-15pc/CD68.csv,gastric_3/scale-15pc/CD1a.jpg,gastric_3/scale-15pc/CD1a.csv,evaluation,,,,,
275,17648.8,"(12704, 12251)",gastric_3/scale-15pc/CD4.jpg,gastric_3/scale-15pc/CD4.csv,gastric_3/scale-15pc/CD8.jpg,gastric_3/scale-15pc/CD8.csv,evaluation,,,,,
276,17648.8,"(12704, 12251)",gastric_3/scale-15pc/CD68.jpg,gastric_3/scale-15pc/CD68.csv,gastric_3/scale-15pc/CD8.jpg,gastric_3/scale-15pc/CD8.csv,evaluation,,,,,
277,20649.9,"(13601, 15538)",gastric_4/scale-15pc/CD4.jpg,gastric_4/scale-15pc/CD4.csv,gastric_4/scale-15pc/CD1a.jpg,gastric_4/scale-15pc/CD1a.csv,evaluation,,,,,
278,20649.9,"(13601, 15538)",gastric_4/scale-15pc/CD68.jpg,gastric_4/scale-15pc/CD68.csv,gastric_4/scale-15pc/CD1a.jpg,gastric_4/scale-15pc/CD1a.csv,evaluation,,,,,
280,21010.7,"(13091, 16434)",gastric_4/scale-15pc/CD4.jpg,gastric_4/scale-15pc/CD4.csv,gastric_4/scale-15pc/CD8.jpg,gastric_4/scale-15pc/CD8.csv,evaluation,,,,,
317,15863.2,"(14283, 6902)",kidney_1/scale-25pc/PAS.jpg,kidney_1/scale-25pc/PAS.csv,kidney_1/scale-25pc/MAS.jpg,kidney_1/scale-25pc/MAS.csv,training,,,,,
322,14084.5,"(12766, 5950)",kidney_2/scale-25pc/PAS.jpg,kidney_2/scale-25pc/PAS.csv,kidney_2/scale-25pc/MAS.jpg,kidney_2/scale-25pc/MAS.csv,training,,,,,
318,16736.9,"(15551, 6188)",kidney_1/scale-25pc/MAS.jpg,kidney_1/scale-25pc/MAS.csv,kidney_1/scale-25pc/PASM.jpg,kidney_1/scale-25pc/PASM.csv,evaluation,,,,,
319,16736.9,"(15551, 6188)",kidney_1/scale-25pc/PAS.jpg,kidney_1/scale-25pc/PAS.csv,kidney_1/scale-25pc/PASM.jpg,kidney_1/scale-25pc/PASM.csv,evaluation,,,,,
320,14112.9,"(12684, 6188)",kidney_2/scale-25pc/MAS.jpg,kidney_2/scale-25pc/MAS.csv,kidney_2/scale-25pc/HE.jpg,kidney_2/scale-25pc/HE.csv,evaluation,,,,,
321,14112.9,"(12684, 6188)",kidney_2/scale-25pc/PAS.jpg,kidney_2/scale-25pc/PAS.csv,kidney_2/scale-25pc/HE.jpg,kidney_2/scale-25pc/HE.csv,evaluation,,,,,
323,13563.8,"(12070, 6188)",kidney_2/scale-25pc/MAS.jpg,kidney_2/scale-25pc/MAS.csv,kidney_2/scale-25pc/PASM.jpg,kidney_2/scale-25pc/PASM.csv,evaluation,,,,,
324,13563.8,"(12070, 6188)",kidney_2/scale-25pc/PAS.jpg,kidney_2/scale-25pc/PAS.csv,kidney_2/scale-25pc/PASM.jpg,kidney_2/scale-25pc/PASM.csv,evaluation,,,,,
325,16091.3,"(15791, 3094)",kidney_3/scale-25pc/MAS.jpg,kidney_3/scale-25pc/MAS.csv,kidney_3/scale-25pc/HE.jpg,kidney_3/scale-25pc/HE.csv,evaluation,,,,,
326,16091.3,"(15791, 3094)",kidney_3/scale-25pc/PAS.jpg,kidney_3/scale-25pc/PAS.csv,kidney_3/scale-25pc/HE.jpg,kidney_3/scale-25pc/HE.csv,evaluation,,,,,
328,16417.2,"(15712, 4760)",kidney_3/scale-25pc/MAS.jpg,kidney_3/scale-25pc/MAS.csv,kidney_3/scale-25pc/PASM.jpg,kidney_3/scale-25pc/PASM.csv,evaluation,,,,,
340,8192.3,"(4369, 6930)",lung-lesion_2/scale-25pc/29-041-Izd2-w35-Cc10-5-les2.jpg,lung-lesion_2/scale-25pc/29-041-Izd2-w35-Cc10-5-les2.csv,lung-lesion_2/scale-25pc/29-041-Izd2-w35-CD31-3-les2.jpg,lung-lesion_2/scale-25pc/29-041-Izd2-w35-CD31-3-les2.csv,training,,340/transformed_source_landmarks.csv,1.4050629655520122,0.0447876036572714,0.0235614285296293
341,8192.3,"(4369, 6930)",lung-lesion_2/scale-25pc/29-041-Izd2-w35-He-les2.jpg,lung-lesion_2/scale-25pc/29-041-Izd2-w35-He-les2.csv,lung-lesion_2/scale-25pc/29-041-Izd2-w35-CD31-3-les2.jpg,lung-lesion_2/scale-25pc/29-041-Izd2-w35-CD31-3-les2.csv,training,,341/transformed_source_landmarks.csv,1.43597704966863,0.0398820362812919,0.0235228637059734
342,8192.3,"(4369, 6930)",lung-lesion_2/scale-25pc/29-041-Izd2-w35-Ki67-7-les2.jpg,lung-lesion_2/scale-25pc/29-041-Izd2-w35-Ki67-7-les2.csv,lung-lesion_2/scale-25pc/29-041-Izd2-w35-CD31-3-les2.jpg,lung-lesion_2/scale-25pc/29-041-Izd2-w35-CD31-3-les2.csv,training,,342/transformed_source_landmarks.csv,1.404479936758677,0.047237160229586,0.0427360789936321
343,8192.3,"(4369, 6930)",lung-lesion_2/scale-25pc/29-041-Izd2-w35-proSPC-4-les2.jpg,lung-lesion_2/scale-25pc/29-041-Izd2-w35-proSPC-4-les2.csv,lung-lesion_2/scale-25pc/29-041-Izd2-w35-CD31-3-les2.jpg,lung-lesion_2/scale-25pc/29-041-Izd2-w35-CD31-3-les2.csv,training,,343/transformed_source_landmarks.csv,1.4146177490552267,0.0673588305079406,0.0578867921166789
344,8198.2,"(4388, 6925)",lung-lesion_2/scale-25pc/29-041-Izd2-w35-He-les2.jpg,lung-lesion_2/scale-25pc/29-041-Izd2-w35-He-les2.csv,lung-lesion_2/scale-25pc/29-041-Izd2-w35-Cc10-5-les2.jpg,lung-lesion_2/scale-25pc/29-041-Izd2-w35-Cc10-5-les2.csv,training,,344/transformed_source_landmarks.csv,1.4456149299939474,0.0403698588191083,0.0388095418947149
345,8198.2,"(4388, 6925)",lung-lesion_2/scale-25pc/29-041-Izd2-w35-Ki67-7-les2.jpg,lung-lesion_2/scale-25pc/29-041-Izd2-w35-Ki67-7-les2.csv,lung-lesion_2/scale-25pc/29-041-Izd2-w35-Cc10-5-les2.jpg,lung-lesion_2/scale-25pc/29-041-Izd2-w35-Cc10-5-les2.csv,training,,345/transformed_source_landmarks.csv,1.419445792833964,0.0512452388636493,0.0508366031563423
346,8198.2,"(4388, 6925)",lung-lesion_2/scale-25pc/29-041-Izd2-w35-proSPC-4-les2.jpg,lung-lesion_2/scale-25pc/29-041-Izd2-w35-proSPC-4-les2.csv,lung-lesion_2/scale-25pc/29-041-Izd2-w35-Cc10-5-les2.jpg,lung-lesion_2/scale-25pc/29-041-Izd2-w35-Cc10-5-les2.csv,training,,346/transformed_source_landmarks.csv,1.426008148988088,0.0593628522719699,0.059028898790552
347,8200.3,"(4392, 6925)",lung-lesion_2/scale-25pc/29-041-Izd2-w35-Ki67-7-les2.jpg,lung-lesion_2/scale-25pc/29-041-Izd2-w35-Ki67-7-les2.csv,lung-lesion_2/scale-25pc/29-041-Izd2-w35-He-les2.jpg,lung-lesion_2/scale-25pc/29-041-Izd2-w35-He-les2.csv,training,,347/transformed_source_landmarks.csv,1.437832732995351,0.0198223479459216,0.0235908959508036
348,8200.3,"(4392, 6925)",lung-lesion_2/scale-25pc/29-041-Izd2-w35-proSPC-4-les2.jpg,lung-lesion_2/scale-25pc/29-041-Izd2-w35-proSPC-4-les2.csv,lung-lesion_2/scale-25pc/29-041-Izd2-w35-He-les2.jpg,lung-lesion_2/scale-25pc/29-041-Izd2-w35-He-les2.csv,training,,348/transformed_source_landmarks.csv,1.4352585156758626,0.0316935840020878,0.0149407938497266
349,8200.5,"(4386, 6929)",lung-lesion_2/scale-25pc/29-041-Izd2-w35-proSPC-4-les2.jpg,lung-lesion_2/scale-25pc/29-041-Izd2-w35-proSPC-4-les2.csv,lung-lesion_2/scale-25pc/29-041-Izd2-w35-Ki67-7-les2.jpg,lung-lesion_2/scale-25pc/29-041-Izd2-w35-Ki67-7-les2.csv,training,,349/transformed_source_landmarks.csv,1.442198133468628,0.0213169527421056,0.0061855563098044
350,11556.4,"(7351, 8917)",lung-lesion_1/scale-50pc/29-041-Izd2-w35-Cc10-5-les1.jpg,lung-lesion_1/scale-50pc/29-041-Izd2-w35-Cc10-5-les1.csv,lung-lesion_1/scale-50pc/29-041-Izd2-w35-CD31-3-les1.jpg,lung-lesion_1/scale-50pc/29-041-Izd2-w35-CD31-3-les1.csv,training,,350/transformed_source_landmarks.csv,1.6380834142367044,0.0395594127433932,0.0406781658832456
351,11556.4,"(7351, 8917)",lung-lesion_1/scale-50pc/29-041-Izd2-w35-He-les1.jpg,lung-lesion_1/scale-50pc/29-041-Izd2-w35-He-les1.csv,lung-lesion_1/scale-50pc/29-041-Izd2-w35-CD31-3-les1.jpg,lung-lesion_1/scale-50pc/29-041-Izd2-w35-CD31-3-les1.csv,training,,351/transformed_source_landmarks.csv,1.615685764948527,0.0688388187344546,0.4118759423617943
370,13546.8,"(11692, 6842)",lung-lobes_1/scale-100pc/29-039-U-35W-Izd1-2-cd31.png,lung-lobes_1/scale-100pc/29-039-U-35W-Izd1-2-cd31.csv,lung-lobes_1/scale-100pc/29-039-U-35W-Izd1-1-HE.png,lung-lobes_1/scale-100pc/29-039-U-35W-Izd1-1-HE.csv,training,,370/transformed_source_landmarks.csv,1.3242557287216186,0.078067323704442,0.0498401357317252
371,13546.8,"(11692, 6842)",lung-lobes_1/scale-100pc/29-039-U-35W-Izd1-3-Pro-SPC.png,lung-lobes_1/scale-100pc/29-039-U-35W-Izd1-3-Pro-SPC.csv,lung-lobes_1/scale-100pc/29-039-U-35W-Izd1-1-HE.png,lung-lobes_1/scale-100pc/29-039-U-35W-Izd1-1-HE.csv,training,,371/transformed_source_landmarks.csv,1.315244468053182,0.0616042846601304,0.0499499198775192
372,13546.8,"(11692, 6842)",lung-lobes_1/scale-100pc/29-039-U-35W-Izd1-4-cc10.png,lung-lobes_1/scale-100pc/29-039-U-35W-Izd1-4-cc10.csv,lung-lobes_1/scale-100pc/29-039-U-35W-Izd1-1-HE.png,lung-lobes_1/scale-100pc/29-039-U-35W-Izd1-1-HE.csv,training,,372/transformed_source_landmarks.csv,1.328124217192332,0.0400829502318202,0.0445196822923968
373,13546.8,"(11692, 6842)",lung-lobes_1/scale-100pc/29-039-U-35W-Izd1-6-ki67.png,lung-lobes_1/scale-100pc/29-039-U-35W-Izd1-6-ki67.csv,lung-lobes_1/scale-100pc/29-039-U-35W-Izd1-1-HE.png,lung-lobes_1/scale-100pc/29-039-U-35W-Izd1-1-HE.csv,training,,373/transformed_source_landmarks.csv,1.3156697193781537,0.08699475884394,0.0372792943795115
374,10895.6,"(9631, 5095)",lung-lobes_1/scale-100pc/29-039-U-35W-Izd1-3-Pro-SPC.png,lung-lobes_1/scale-100pc/29-039-U-35W-Izd1-3-Pro-SPC.csv,lung-lobes_1/scale-100pc/29-039-U-35W-Izd1-2-cd31.png,lung-lobes_1/scale-100pc/29-039-U-35W-Izd1-2-cd31.csv,training,,374/transformed_source_landmarks.csv,1.282673450311025,0.0222844317044153,0.0128053109173247
375,10895.6,"(9631, 5095)",lung-lobes_1/scale-100pc/29-039-U-35W-Izd1-4-cc10.png,lung-lobes_1/scale-100pc/29-039-U-35W-Izd1-4-cc10.csv,lung-lobes_1/scale-100pc/29-039-U-35W-Izd1-2-cd31.png,lung-lobes_1/scale-100pc/29-039-U-35W-Izd1-2-cd31.csv,training,,375/transformed_source_landmarks.csv,1.2900012175242106,0.0460361962168434,0.0143545439734532
376,10895.6,"(9631, 5095)",lung-lobes_1/scale-100pc/29-039-U-35W-Izd1-6-ki67.png,lung-lobes_1/scale-100pc/29-039-U-35W-Izd1-6-ki67.csv,lung-lobes_1/scale-100pc/29-039-U-35W-Izd1-2-cd31.png,lung-lobes_1/scale-100pc/29-039-U-35W-Izd1-2-cd31.csv,training,,376/transformed_source_landmarks.csv,1.3268191814422607,0.0203384410356964,0.007310335410934
377,11137.0,"(9776, 5335)",lung-lobes_1/scale-100pc/29-039-U-35W-Izd1-4-cc10.png,lung-lobes_1/scale-100pc/29-039-U-35W-Izd1-4-cc10.csv,lung-lobes_1/scale-100pc/29-039-U-35W-Izd1-3-Pro-SPC.png,lung-lobes_1/scale-100pc/29-039-U-35W-Izd1-3-Pro-SPC.csv,training,,377/transformed_source_landmarks.csv,1.300099503993988,0.0276178957252152,0.0044005050745847
378,11137.0,"(9776, 5335)",lung-lobes_1/scale-100pc/29-039-U-35W-Izd1-6-ki67.png,lung-lobes_1/scale-100pc/29-039-U-35W-Izd1-6-ki67.csv,lung-lobes_1/scale-100pc/29-039-U-35W-Izd1-3-Pro-SPC.png,lung-lobes_1/scale-100pc/29-039-U-35W-Izd1-3-Pro-SPC.csv,training,,378/transformed_source_landmarks.csv,1.3120057980219524,0.0326284738187201,0.0118026685654263
379,11555.2,"(10047, 5708)",lung-lobes_1/scale-100pc/29-039-U-35W-Izd1-6-ki67.png,lung-lobes_1/scale-100pc/29-039-U-35W-Izd1-6-ki67.csv,lung-lobes_1/scale-100pc/29-039-U-35W-Izd1-4-cc10.png,lung-lobes_1/scale-100pc/29-039-U-35W-Izd1-4-cc10.csv,training,,379/transformed_source_landmarks.csv,1.305515480041504,0.0554700791812635,0.0146860750948911
380,13701.5,"(12000, 6613)",lung-lobes_2/scale-100pc/29-039-U-35W-Izd2-2-cd31.png,lung-lobes_2/scale-100pc/29-039-U-35W-Izd2-2-cd31.csv,lung-lobes_2/scale-100pc/29-039-U-35W-Izd2-1-HE.png,lung-lobes_2/scale-100pc/29-039-U-35W-Izd2-1-HE.csv,training,,380/transformed_source_landmarks.csv,1.3005087812741598,0.0278277945967751,0.0129291124372481
381,13701.5,"(12000, 6613)",lung-lobes_2/scale-100pc/29-039-U-35W-Izd2-3-Pro-SPC.png,lung-lobes_2/scale-100pc/29-039-U-35W-Izd2-3-Pro-SPC.csv,lung-lobes_2/scale-100pc/29-039-U-35W-Izd2-1-HE.png,lung-lobes_2/scale-100pc/29-039-U-35W-Izd2-1-HE.csv,training,,381/transformed_source_landmarks.csv,1.3085768977801004,0.0199559823591821,0.0122973226473541
382,13701.5,"(12000, 6613)",lung-lobes_2/scale-100pc/29-039-U-35W-Izd2-4-cc10.png,lung-lobes_2/scale-100pc/29-039-U-35W-Izd2-4-cc10.csv,lung-lobes_2/scale-100pc/29-039-U-35W-Izd2-1-HE.png,lung-lobes_2/scale-100pc/29-039-U-35W-Izd2-1-HE.csv,training,,382/transformed_source_landmarks.csv,1.306947100162506,0.0086990261498336,0.0015592696703427
383,13701.5,"(12000, 6613)",lung-lobes_2/scale-100pc/29-039-U-35W-Izd2-6-ki67.png,lung-lobes_2/scale-100pc/29-039-U-35W-Izd2-6-ki67.csv,lung-lobes_2/scale-100pc/29-039-U-35W-Izd2-1-HE.png,lung-lobes_2/scale-100pc/29-039-U-35W-Izd2-1-HE.csv,training,,383/transformed_source_landmarks.csv,1.3094475507736203,0.050857660677334,0.0152062642891299
384,13035.2,"(11375, 6366)",lung-lobes_2/scale-100pc/29-039-U-35W-Izd2-3-Pro-SPC.png,lung-lobes_2/scale-100pc/29-039-U-35W-Izd2-3-Pro-SPC.csv,lung-lobes_2/scale-100pc/29-039-U-35W-Izd2-2-cd31.png,lung-lobes_2/scale-100pc/29-039-U-35W-Izd2-2-cd31.csv,training,,384/transformed_source_landmarks.csv,1.3079848170280457,0.012042346215931,0.0071149646883595
385,13035.2,"(11375, 6366)",lung-lobes_2/scale-100pc/29-039-U-35W-Izd2-4-cc10.png,lung-lobes_2/scale-100pc/29-039-U-35W-Izd2-4-cc10.csv,lung-lobes_2/scale-100pc/29-039-U-35W-Izd2-2-cd31.png,lung-lobes_2/scale-100pc/29-039-U-35W-Izd2-2-cd31.csv,training,,385/transformed_source_landmarks.csv,1.3126742839813232,0.0204027406010989,0.0017354637974358
386,13035.2,"(11375, 6366)",lung-lobes_2/scale-100pc/29-039-U-35W-Izd2-6-ki67.png,lung-lobes_2/scale-100pc/29-039-U-35W-Izd2-6-ki67.csv,lung-lobes_2/scale-100pc/29-039-U-35W-Izd2-2-cd31.png,lung-lobes_2/scale-100pc/29-039-U-35W-Izd2-2-cd31.csv,training,,386/transformed_source_landmarks.csv,1.3003184000651042,0.0247575319238108,0.0046873286437891
410,9392.0,"(2946, 8918)",mammary-gland_1/scale-25pc/s1_36-CNEU_A4926-4L.jpg,mammary-gland_1/scale-25pc/s1_36-CNEU_A4926-4L.csv,mammary-gland_1/scale-25pc/s1-39-HE_A4926-4L.jpg,mammary-gland_1/scale-25pc/s1-39-HE_A4926-4L.csv,training,,410/transformed_source_landmarks.csv,0.9749371449152628,0.0580103569496545,0.0035878790714773
411,9392.0,"(2946, 8918)",mammary-gland_1/scale-25pc/s1_37-HE_A4926-4L.jpg,mammary-gland_1/scale-25pc/s1_37-HE_A4926-4L.csv,mammary-gland_1/scale-25pc/s1-39-HE_A4926-4L.jpg,mammary-gland_1/scale-25pc/s1-39-HE_A4926-4L.csv,training,,411/transformed_source_landmarks.csv,0.9689223130544028,0.024976658757929,0.002731527199813
412,9392.0,"(2946, 8918)",mammary-gland_1/scale-25pc/s1_38-ER-A4962-4L.jpg,mammary-gland_1/scale-25pc/s1_38-ER-A4962-4L.csv,mammary-gland_1/scale-25pc/s1-39-HE_A4926-4L.jpg,mammary-gland_1/scale-25pc/s1-39-HE_A4926-4L.csv,training,,412/transformed_source_landmarks.csv,0.9727450172106424,0.0444715222642484,0.0082430538455937
413,9392.0,"(2946, 8918)",mammary-gland_1/scale-25pc/s1_40-PR_A4926-4L.jpg,mammary-gland_1/scale-25pc/s1_40-PR_A4926-4L.csv,mammary-gland_1/scale-25pc/s1-39-HE_A4926-4L.jpg,mammary-gland_1/scale-25pc/s1-39-HE_A4926-4L.csv,training,,413/transformed_source_landmarks.csv,0.9744102040926615,0.025030034800807,0.0069285935943076
414,8810.2,"(2580, 8424)",mammary-gland_1/scale-25pc/s1_37-HE_A4926-4L.jpg,mammary-gland_1/scale-25pc/s1_37-HE_A4926-4L.csv,mammary-gland_1/scale-25pc/s1_36-CNEU_A4926-4L.jpg,mammary-gland_1/scale-25pc/s1_36-CNEU_A4926-4L.csv,training,,414/transformed_source_landmarks.csv,0.986276618639628,0.065558405425559,0.0019421537667255
415,8810.2,"(2580, 8424)",mammary-gland_1/scale-25pc/s1_38-ER-A4962-4L.jpg,mammary-gland_1/scale-25pc/s1_38-ER-A4962-4L.csv,mammary-gland_1/scale-25pc/s1_36-CNEU_A4926-4L.jpg,mammary-gland_1/scale-25pc/s1_36-CNEU_A4926-4L.csv,training,,415/transformed_source_landmarks.csv,0.9883335113525392,0.0661246238636614,0.019717280713783
416,8810.2,"(2580, 8424)",mammary-gland_1/scale-25pc/s1_40-PR_A4926-4L.jpg,mammary-gland_1/scale-25pc/s1_40-PR_A4926-4L.csv,mammary-gland_1/scale-25pc/s1_36-CNEU_A4926-4L.jpg,mammary-gland_1/scale-25pc/s1_36-CNEU_A4926-4L.csv,training,,416/transformed_source_landmarks.csv,0.9897857507069906,0.0619038642726469,0.0024725379181873
417,9283.7,"(2580, 8918)",mammary-gland_1/scale-25pc/s1_38-ER-A4962-4L.jpg,mammary-gland_1/scale-25pc/s1_38-ER-A4962-4L.csv,mammary-gland_1/scale-25pc/s1_37-HE_A4926-4L.jpg,mammary-gland_1/scale-25pc/s1_37-HE_A4926-4L.csv,training,,417/transformed_source_landmarks.csv,0.9830963810284932,0.0289288416886275,0.0058819980912905
418,9283.7,"(2580, 8918)",mammary-gland_1/scale-25pc/s1_40-PR_A4926-4L.jpg,mammary-gland_1/scale-25pc/s1_40-PR_A4926-4L.csv,mammary-gland_1/scale-25pc/s1_37-HE_A4926-4L.jpg,mammary-gland_1/scale-25pc/s1_37-HE_A4926-4L.csv,training,,418/transformed_source_landmarks.csv,0.9828693389892578,0.0079695974878989,0.0092712520048857
419,9186.4,"(2192, 8921)",mammary-gland_1/scale-25pc/s1_40-PR_A4926-4L.jpg,mammary-gland_1/scale-25pc/s1_40-PR_A4926-4L.csv,mammary-gland_1/scale-25pc/s1_38-ER-A4962-4L.jpg,mammary-gland_1/scale-25pc/s1_38-ER-A4962-4L.csv,training,,419/transformed_source_landmarks.csv,0.8387523333231608,0.0331620197735703,0.0028918253946013
420,9862.3,"(2946, 9412)",mammary-gland_2/scale-25pc/s2_62-ER_A4926-4L.jpg,mammary-gland_2/scale-25pc/s2_62-ER_A4926-4L.csv,mammary-gland_2/scale-25pc/s2_61-HE_A4926-4L.jpg,mammary-gland_2/scale-25pc/s2_61-HE_A4926-4L.csv,training,,420/transformed_source_landmarks.csv,0.978691331545512,0.1121688826706132,0.0297777036962005
421,9862.3,"(2946, 9412)",mammary-gland_2/scale-25pc/s2_63-HE_A4926-4L.jpg,mammary-gland_2/scale-25pc/s2_63-HE_A4926-4L.csv,mammary-gland_2/scale-25pc/s2_61-HE_A4926-4L.jpg,mammary-gland_2/scale-25pc/s2_61-HE_A4926-4L.csv,training,,421/transformed_source_landmarks.csv,0.977750813961029,0.0290345744265816,0.0016119633203613
422,9862.3,"(2946, 9412)",mammary-gland_2/scale-25pc/s2_64-PR_A4926-4L.jpg,mammary-gland_2/scale-25pc/s2_64-PR_A4926-4L.csv,mammary-gland_2/scale-25pc/s2_61-HE_A4926-4L.jpg,mammary-gland_2/scale-25pc/s2_61-HE_A4926-4L.csv,training,,422/transformed_source_landmarks.csv,0.981110946337382,0.0751337721640497,0.0335113773658817
423,9862.3,"(2946, 9412)",mammary-gland_2/scale-25pc/s2_66-CNEU_A4926-4L.jpg,mammary-gland_2/scale-25pc/s2_66-CNEU_A4926-4L.csv,mammary-gland_2/scale-25pc/s2_61-HE_A4926-4L.jpg,mammary-gland_2/scale-25pc/s2_61-HE_A4926-4L.csv,training,,423/transformed_source_landmarks.csv,0.9757306853930156,0.0437524132156853,0.0042207294454485
424,9862.3,"(2946, 9412)",mammary-gland_2/scale-25pc/s2_67-HE_A4926-4L.jpg,mammary-gland_2/scale-25pc/s2_67-HE_A4926-4L.csv,mammary-gland_2/scale-25pc/s2_61-HE_A4926-4L.jpg,mammary-gland_2/scale-25pc/s2_61-HE_A4926-4L.csv,training,,424/transformed_source_landmarks.csv,0.9810814181963604,0.0169462795433505,0.0055007283790443
425,9862.3,"(2946, 9412)",mammary-gland_2/scale-25pc/s2_68-ER-A4962-4L.jpg,mammary-gland_2/scale-25pc/s2_68-ER-A4962-4L.csv,mammary-gland_2/scale-25pc/s2_61-HE_A4926-4L.jpg,mammary-gland_2/scale-25pc/s2_61-HE_A4926-4L.csv,training,,425/transformed_source_landmarks.csv,0.981092119216919,0.0532106345530388,0.0114127527095161
455,11915.0,"(7552, 9216)",mice-kidney_1/scale-25pc/5_PAS.jpg,mice-kidney_1/scale-25pc/5_PAS.csv,mice-kidney_1/scale-25pc/2_aSMA.jpg,mice-kidney_1/scale-25pc/2_aSMA.csv,training,,455/transformed_source_landmarks.csv,1.5408255815505982,0.0670408672085934,0.0228755479118273
456,11915.0,"(7552, 9216)",mice-kidney_1/scale-25pc/6_CD31.jpg,mice-kidney_1/scale-25pc/6_CD31.csv,mice-kidney_1/scale-25pc/2_aSMA.jpg,mice-kidney_1/scale-25pc/2_aSMA.csv,training,,456/transformed_source_landmarks.csv,1.7083226641019185,0.0895474921513821,0.0096707123331854
457,11915.0,"(7552, 9216)",mice-kidney_1/scale-25pc/8_CD31.jpg,mice-kidney_1/scale-25pc/8_CD31.csv,mice-kidney_1/scale-25pc/2_aSMA.jpg,mice-kidney_1/scale-25pc/2_aSMA.csv,training,,457/transformed_source_landmarks.csv,1.5426513314247132,0.0924371814839791,0.0476136909333435
458,11915.0,"(7552, 9216)",mice-kidney_1/scale-25pc/9_PAS.jpg,mice-kidney_1/scale-25pc/9_PAS.csv,mice-kidney_1/scale-25pc/2_aSMA.jpg,mice-kidney_1/scale-25pc/2_aSMA.csv,training,,458/transformed_source_landmarks.csv,1.5972015659014385,0.0590667304673177,0.0037825167529311
459,11317.0,"(7808, 8192)",mice-kidney_1/scale-25pc/5_PAS.jpg,mice-kidney_1/scale-25pc/5_PAS.csv,mice-kidney_1/scale-25pc/3_PAS.jpg,mice-kidney_1/scale-25pc/3_PAS.csv,training,,459/transformed_source_landmarks.csv,1.5920661052068077,0.1213221933310267,0.0078605416355883
460,11317.0,"(7808, 8192)",mice-kidney_1/scale-25pc/6_CD31.jpg,mice-kidney_1/scale-25pc/6_CD31.csv,mice-kidney_1/scale-25pc/3_PAS.jpg,mice-kidney_1/scale-25pc/3_PAS.csv,training,,460/transformed_source_landmarks.csv,1.6631363908449808,0.030303143926577143,0.015526589788785836
448,11558.5,"(6976, 9216)",mice-kidney_1/scale-25pc/2_aSMA.jpg,mice-kidney_1/scale-25pc/2_aSMA.csv,mice-kidney_1/scale-25pc/1_PAS.jpg,mice-kidney_1/scale-25pc/1_PAS.csv,evaluation,,,,,
449,11558.5,"(6976, 9216)",mice-kidney_1/scale-25pc/3_PAS.jpg,mice-kidney_1/scale-25pc/3_PAS.csv,mice-kidney_1/scale-25pc/1_PAS.jpg,mice-kidney_1/scale-25pc/1_PAS.csv,evaluation,,,,,
450,11558.5,"(6976, 9216)",mice-kidney_1/scale-25pc/5_PAS.jpg,mice-kidney_1/scale-25pc/5_PAS.csv,mice-kidney_1/scale-25pc/1_PAS.jpg,mice-kidney_1/scale-25pc/1_PAS.csv,evaluation,,,,,
451,11558.5,"(6976, 9216)",mice-kidney_1/scale-25pc/6_CD31.jpg,mice-kidney_1/scale-25pc/6_CD31.csv,mice-kidney_1/scale-25pc/1_PAS.jpg,mice-kidney_1/scale-25pc/1_PAS.csv,evaluation,,,,,
452,11558.5,"(6976, 9216)",mice-kidney_1/scale-25pc/8_CD31.jpg,mice-kidney_1/scale-25pc/8_CD31.csv,mice-kidney_1/scale-25pc/1_PAS.jpg,mice-kidney_1/scale-25pc/1_PAS.csv,evaluation,,,,,
453,11558.5,"(6976, 9216)",mice-kidney_1/scale-25pc/9_PAS.jpg,mice-kidney_1/scale-25pc/9_PAS.csv,mice-kidney_1/scale-25pc/1_PAS.jpg,mice-kidney_1/scale-25pc/1_PAS.csv,evaluation,,,,,
463,11915.0,"(7552, 9216)",mice-kidney_1/scale-25pc/2_aSMA.jpg,mice-kidney_1/scale-25pc/2_aSMA.csv,mice-kidney_1/scale-25pc/4_aSMA.jpg,mice-kidney_1/scale-25pc/4_aSMA.csv,evaluation,,,,,
464,11915.0,"(7552, 9216)",mice-kidney_1/scale-25pc/3_PAS.jpg,mice-kidney_1/scale-25pc/3_PAS.csv,mice-kidney_1/scale-25pc/4_aSMA.jpg,mice-kidney_1/scale-25pc/4_aSMA.csv,evaluation,,,,,
